danceability,energy,key,loudness,mode,speechiness,acousticness,instrumentalness,liveness,valence,tempo,type,id,uri,track_href,analysis_url,duration_ms,time_signature
0.334,0.619,7,-6.193,0,0.0307,0.364,0.733,0.282,0.307,133.41,audio_features,4cFp6wXT8gmno9H84najdB,spotify:track:4cFp6wXT8gmno9H84najdB,https://api.spotify.com/v1/tracks/4cFp6wXT8gmno9H84najdB,https://api.spotify.com/v1/audio-analysis/4cFp6wXT8gmno9H84najdB,254837,4
0.284,0.384,2,-9.407,0,0.0362,0.672,0.89,0.151,0.595,150.696,audio_features,5erf5oeiaAntS7CV4tcG6r,spotify:track:5erf5oeiaAntS7CV4tcG6r,https://api.spotify.com/v1/tracks/5erf5oeiaAntS7CV4tcG6r,https://api.spotify.com/v1/audio-analysis/5erf5oeiaAntS7CV4tcG6r,99120,4
0.556,0.446,5,-7.307,1,0.0357,0.566,0.888,0.0983,0.42,101.536,audio_features,4vYtXKr6QdhVWtsz5aTBzh,spotify:track:4vYtXKr6QdhVWtsz5aTBzh,https://api.spotify.com/v1/tracks/4vYtXKr6QdhVWtsz5aTBzh,https://api.spotify.com/v1/audio-analysis/4vYtXKr6QdhVWtsz5aTBzh,95250,4
0.39,0.493,9,-6.553,1,0.0404,0.529,0.918,0.0964,0.238,123.648,audio_features,3QlwoX55Qv8ZYHn7cTEqeq,spotify:track:3QlwoX55Qv8ZYHn7cTEqeq,https://api.spotify.com/v1/tracks/3QlwoX55Qv8ZYHn7cTEqeq,https://api.spotify.com/v1/audio-analysis/3QlwoX55Qv8ZYHn7cTEqeq,269374,4
0.383,0.45,3,-7.284,0,0.0387,0.754,0.941,0.134,0.198,104.385,audio_features,14BWeCnhiAZO4l316pG9N7,spotify:track:14BWeCnhiAZO4l316pG9N7,https://api.spotify.com/v1/tracks/14BWeCnhiAZO4l316pG9N7,https://api.spotify.com/v1/audio-analysis/14BWeCnhiAZO4l316pG9N7,101651,4
0.367,0.347,1,-7.628,1,0.0467,0.847,0.731,0.0879,0.208,82.379,audio_features,1cLwm9dinKGwMSVgrjtrsT,spotify:track:1cLwm9dinKGwMSVgrjtrsT,https://api.spotify.com/v1/tracks/1cLwm9dinKGwMSVgrjtrsT,https://api.spotify.com/v1/audio-analysis/1cLwm9dinKGwMSVgrjtrsT,149119,4
0.515,0.364,7,-6.307,0,0.0432,0.766,0.486,0.0871,0.337,137.727,audio_features,16X2A8tGdA5tiPGA82myFp,spotify:track:16X2A8tGdA5tiPGA82myFp,https://api.spotify.com/v1/tracks/16X2A8tGdA5tiPGA82myFp,https://api.spotify.com/v1/audio-analysis/16X2A8tGdA5tiPGA82myFp,124000,4
0.365,0.395,5,-7.221,0,0.0357,0.72,0.959,0.0783,0.191,143.944,audio_features,6GKA0xx0NLsGr2Luw6oSez,spotify:track:6GKA0xx0NLsGr2Luw6oSez,https://api.spotify.com/v1/tracks/6GKA0xx0NLsGr2Luw6oSez,https://api.spotify.com/v1/audio-analysis/6GKA0xx0NLsGr2Luw6oSez,94748,4
0.525,0.491,11,-6.687,0,0.0547,0.287,0.936,0.132,0.4,132.99,audio_features,7MZLqteD1lSyffiRrLaHjQ,spotify:track:7MZLqteD1lSyffiRrLaHjQ,https://api.spotify.com/v1/tracks/7MZLqteD1lSyffiRrLaHjQ,https://api.spotify.com/v1/audio-analysis/7MZLqteD1lSyffiRrLaHjQ,102570,4
0.423,0.216,7,-11.741,1,0.0883,0.882,0.812,0.159,0.378,76.909,audio_features,5WB3r4HdHWZObnZZrrrChg,spotify:track:5WB3r4HdHWZObnZZrrrChg,https://api.spotify.com/v1/tracks/5WB3r4HdHWZObnZZrrrChg,https://api.spotify.com/v1/audio-analysis/5WB3r4HdHWZObnZZrrrChg,85934,4
0.344,0.659,5,-6.838,0,0.0443,0.324,0.122,0.114,0.454,158.136,audio_features,2B9W7QgLY9uX8tY5RJUczd,spotify:track:2B9W7QgLY9uX8tY5RJUczd,https://api.spotify.com/v1/tracks/2B9W7QgLY9uX8tY5RJUczd,https://api.spotify.com/v1/audio-analysis/2B9W7QgLY9uX8tY5RJUczd,97429,4
0.313,0.456,7,-8.296,1,0.0465,0.467,0.764,0.113,0.236,141.45,audio_features,2cGt9uFnDJ6NOIV5jKl8ZX,spotify:track:2cGt9uFnDJ6NOIV5jKl8ZX,https://api.spotify.com/v1/tracks/2cGt9uFnDJ6NOIV5jKl8ZX,https://api.spotify.com/v1/audio-analysis/2cGt9uFnDJ6NOIV5jKl8ZX,90004,3
0.385,0.505,7,-11.604,0,0.0423,0.621,0.894,0.103,0.417,89.977,audio_features,7br728dXfFQESiwGHmMIrL,spotify:track:7br728dXfFQESiwGHmMIrL,https://api.spotify.com/v1/tracks/7br728dXfFQESiwGHmMIrL,https://api.spotify.com/v1/audio-analysis/7br728dXfFQESiwGHmMIrL,92000,4
0.411,0.388,11,-9.457,0,0.0496,0.538,0.929,0.304,0.356,97.313,audio_features,6pG7yxpLt08pUf3SgAikFu,spotify:track:6pG7yxpLt08pUf3SgAikFu,https://api.spotify.com/v1/tracks/6pG7yxpLt08pUf3SgAikFu,https://api.spotify.com/v1/audio-analysis/6pG7yxpLt08pUf3SgAikFu,86000,4
0.419,0.431,0,-7.864,0,0.0388,0.506,0.771,0.129,0.443,120.91,audio_features,0V0gY9dRpt2ZpGw9X6mpge,spotify:track:0V0gY9dRpt2ZpGw9X6mpge,https://api.spotify.com/v1/tracks/0V0gY9dRpt2ZpGw9X6mpge,https://api.spotify.com/v1/audio-analysis/0V0gY9dRpt2ZpGw9X6mpge,100466,4
0.551,0.247,3,-11.325,1,0.0588,0.937,0.656,0.073,0.29,74.096,audio_features,10eLFVBI20Hat2xDAUGARx,spotify:track:10eLFVBI20Hat2xDAUGARx,https://api.spotify.com/v1/tracks/10eLFVBI20Hat2xDAUGARx,https://api.spotify.com/v1/audio-analysis/10eLFVBI20Hat2xDAUGARx,110667,4
0.338,0.514,4,-7.979,1,0.0297,0.509,0.828,0.189,0.649,97.609,audio_features,7c83AvfOsfsQETwfHY2v7P,spotify:track:7c83AvfOsfsQETwfHY2v7P,https://api.spotify.com/v1/tracks/7c83AvfOsfsQETwfHY2v7P,https://api.spotify.com/v1/audio-analysis/7c83AvfOsfsQETwfHY2v7P,94500,4
0.403,0.487,2,-8.603,1,0.0436,0.151,0.963,0.131,0.59,122.422,audio_features,1gAldEZGL44HZAX2sH43L3,spotify:track:1gAldEZGL44HZAX2sH43L3,https://api.spotify.com/v1/tracks/1gAldEZGL44HZAX2sH43L3,https://api.spotify.com/v1/audio-analysis/1gAldEZGL44HZAX2sH43L3,106918,4
0.457,0.532,11,-6.706,1,0.04,0.823,0.895,0.168,0.673,126.063,audio_features,3Ptnox8TfCbkam9TYdLfj7,spotify:track:3Ptnox8TfCbkam9TYdLfj7,https://api.spotify.com/v1/tracks/3Ptnox8TfCbkam9TYdLfj7,https://api.spotify.com/v1/audio-analysis/3Ptnox8TfCbkam9TYdLfj7,103312,4
0.365,0.42,0,-9.59,0,0.0491,0.702,0.382,0.0716,0.0742,90.426,audio_features,57kpIFOtsXhOnEFNzG7nv8,spotify:track:57kpIFOtsXhOnEFNzG7nv8,https://api.spotify.com/v1/tracks/57kpIFOtsXhOnEFNzG7nv8,https://api.spotify.com/v1/audio-analysis/57kpIFOtsXhOnEFNzG7nv8,171467,4
0.4,0.465,6,-8.931,0,0.0397,0.757,0.904,0.116,0.251,138.576,audio_features,3uIXlfdRCvKA0NfEX2nvjR,spotify:track:3uIXlfdRCvKA0NfEX2nvjR,https://api.spotify.com/v1/tracks/3uIXlfdRCvKA0NfEX2nvjR,https://api.spotify.com/v1/audio-analysis/3uIXlfdRCvKA0NfEX2nvjR,90476,4
0.437,0.397,0,-7.973,1,0.0504,0.409,0.822,0.307,0.14,114.56,audio_features,1KeQ17eK5t1q7kKOwpRPEy,spotify:track:1KeQ17eK5t1q7kKOwpRPEy,https://api.spotify.com/v1/tracks/1KeQ17eK5t1q7kKOwpRPEy,https://api.spotify.com/v1/audio-analysis/1KeQ17eK5t1q7kKOwpRPEy,166000,4
0.456,0.402,6,-5.689,1,0.0527,0.777,0.928,0.1,0.113,91.159,audio_features,4NTCnxf11nUeDEJuDqDmJd,spotify:track:4NTCnxf11nUeDEJuDqDmJd,https://api.spotify.com/v1/tracks/4NTCnxf11nUeDEJuDqDmJd,https://api.spotify.com/v1/audio-analysis/4NTCnxf11nUeDEJuDqDmJd,162500,4
0.401,0.462,4,-8.14,1,0.0403,0.721,0.936,0.34,0.603,98.423,audio_features,1Rl1EbV0e7GwroKpwSipX2,spotify:track:1Rl1EbV0e7GwroKpwSipX2,https://api.spotify.com/v1/tracks/1Rl1EbV0e7GwroKpwSipX2,https://api.spotify.com/v1/audio-analysis/1Rl1EbV0e7GwroKpwSipX2,100250,4
0.42,0.578,2,-7.261,0,0.0279,0.22,0.835,0.154,0.541,99.986,audio_features,0FIC7v7EC0AnnKUCoFEy07,spotify:track:0FIC7v7EC0AnnKUCoFEy07,https://api.spotify.com/v1/tracks/0FIC7v7EC0AnnKUCoFEy07,https://api.spotify.com/v1/audio-analysis/0FIC7v7EC0AnnKUCoFEy07,89218,4
0.36,0.472,4,-7.599,0,0.0482,0.658,0.963,0.0876,0.447,98.109,audio_features,2bsdZ4LLv2bmbSadFvq0wm,spotify:track:2bsdZ4LLv2bmbSadFvq0wm,https://api.spotify.com/v1/tracks/2bsdZ4LLv2bmbSadFvq0wm,https://api.spotify.com/v1/audio-analysis/2bsdZ4LLv2bmbSadFvq0wm,104750,4
0.47,0.498,11,-8.971,1,0.0359,0.136,0.858,0.215,0.793,89.858,audio_features,2ntEEsjvvo2QvuCnbamcmU,spotify:track:2ntEEsjvvo2QvuCnbamcmU,https://api.spotify.com/v1/tracks/2ntEEsjvvo2QvuCnbamcmU,https://api.spotify.com/v1/audio-analysis/2ntEEsjvvo2QvuCnbamcmU,87750,4
0.297,0.591,7,-7.798,1,0.0384,0.509,0.715,0.0755,0.557,167.051,audio_features,5sVrB1afymvQ9PxZnNW4RV,spotify:track:5sVrB1afymvQ9PxZnNW4RV,https://api.spotify.com/v1/tracks/5sVrB1afymvQ9PxZnNW4RV,https://api.spotify.com/v1/audio-analysis/5sVrB1afymvQ9PxZnNW4RV,102434,3
0.492,0.537,6,-7.957,1,0.0295,0.737,0.647,0.153,0.392,95.772,audio_features,5SGOudFmzp1oPwSUtz0ov5,spotify:track:5SGOudFmzp1oPwSUtz0ov5,https://api.spotify.com/v1/tracks/5SGOudFmzp1oPwSUtz0ov5,https://api.spotify.com/v1/audio-analysis/5SGOudFmzp1oPwSUtz0ov5,310114,4
0.464,0.491,5,-7.985,1,0.0372,0.53,0.767,0.11,0.417,130.371,audio_features,3xrrroKtVjvNKAjkXhx1oz,spotify:track:3xrrroKtVjvNKAjkXhx1oz,https://api.spotify.com/v1/tracks/3xrrroKtVjvNKAjkXhx1oz,https://api.spotify.com/v1/audio-analysis/3xrrroKtVjvNKAjkXhx1oz,100049,4
0.322,0.483,0,-6.77,1,0.0327,0.629,0.96,0.216,0.534,159.089,audio_features,7LWdY1LqGa6gUF2yABuUvv,spotify:track:7LWdY1LqGa6gUF2yABuUvv,https://api.spotify.com/v1/tracks/7LWdY1LqGa6gUF2yABuUvv,https://api.spotify.com/v1/audio-analysis/7LWdY1LqGa6gUF2yABuUvv,104613,4
0.433,0.533,1,-7.243,0,0.0342,0.292,0.932,0.116,0.491,107.153,audio_features,0p8refNeEX9jCGFzMK6Xuo,spotify:track:0p8refNeEX9jCGFzMK6Xuo,https://api.spotify.com/v1/tracks/0p8refNeEX9jCGFzMK6Xuo,https://api.spotify.com/v1/audio-analysis/0p8refNeEX9jCGFzMK6Xuo,91802,4
0.457,0.326,0,-8.193,1,0.0365,0.914,0.38,0.136,0.216,143.094,audio_features,68KMvL3qQEKH1naxHOy60Y,spotify:track:68KMvL3qQEKH1naxHOy60Y,https://api.spotify.com/v1/tracks/68KMvL3qQEKH1naxHOy60Y,https://api.spotify.com/v1/audio-analysis/68KMvL3qQEKH1naxHOy60Y,210000,3
0.325,0.585,6,-7.727,0,0.0312,0.24,0.854,0.173,0.612,131.695,audio_features,5tpJtPlcWjtzm9hUGOtGXa,spotify:track:5tpJtPlcWjtzm9hUGOtGXa,https://api.spotify.com/v1/tracks/5tpJtPlcWjtzm9hUGOtGXa,https://api.spotify.com/v1/audio-analysis/5tpJtPlcWjtzm9hUGOtGXa,93750,4
0.492,0.493,8,-7.538,1,0.0459,0.764,0.931,0.104,0.498,97.049,audio_features,4B4MMDgigGcnFcUQx14Bew,spotify:track:4B4MMDgigGcnFcUQx14Bew,https://api.spotify.com/v1/tracks/4B4MMDgigGcnFcUQx14Bew,https://api.spotify.com/v1/audio-analysis/4B4MMDgigGcnFcUQx14Bew,111695,4
0.465,0.529,6,-6.049,0,0.0321,0.677,0.75,0.139,0.517,178.283,audio_features,2EU9vuQzt5YbKDTFfjXGz3,spotify:track:2EU9vuQzt5YbKDTFfjXGz3,https://api.spotify.com/v1/tracks/2EU9vuQzt5YbKDTFfjXGz3,https://api.spotify.com/v1/audio-analysis/2EU9vuQzt5YbKDTFfjXGz3,73748,4
0.401,0.521,6,-9.111,0,0.0385,0.23,0.957,0.0837,0.694,133.226,audio_features,3ZZQuZSwNtNyt9l8KjhDOc,spotify:track:3ZZQuZSwNtNyt9l8KjhDOc,https://api.spotify.com/v1/tracks/3ZZQuZSwNtNyt9l8KjhDOc,https://api.spotify.com/v1/audio-analysis/3ZZQuZSwNtNyt9l8KjhDOc,113647,4
0.327,0.659,9,-6.97,0,0.0417,0.624,0.898,0.193,0.233,151.996,audio_features,737qRbscxtoZU4mNISYafl,spotify:track:737qRbscxtoZU4mNISYafl,https://api.spotify.com/v1/tracks/737qRbscxtoZU4mNISYafl,https://api.spotify.com/v1/audio-analysis/737qRbscxtoZU4mNISYafl,146874,4
0.313,0.629,0,-6.738,0,0.0355,0.414,0.67,0.115,0.707,92.906,audio_features,6CQNWAqPhtljVYKAN5ugCx,spotify:track:6CQNWAqPhtljVYKAN5ugCx,https://api.spotify.com/v1/tracks/6CQNWAqPhtljVYKAN5ugCx,https://api.spotify.com/v1/audio-analysis/6CQNWAqPhtljVYKAN5ugCx,98375,4
0.485,0.56,3,-5.914,1,0.0271,0.658,0.897,0.0902,0.54,94.578,audio_features,01ICnrSqZeTn5hZ0p16Nq1,spotify:track:01ICnrSqZeTn5hZ0p16Nq1,https://api.spotify.com/v1/tracks/01ICnrSqZeTn5hZ0p16Nq1,https://api.spotify.com/v1/audio-analysis/01ICnrSqZeTn5hZ0p16Nq1,91875,4
0.33,0.598,1,-6.313,1,0.038,0.743,0.898,0.0835,0.434,141.15,audio_features,5lwOge56Jn9ook1J5gG2pk,spotify:track:5lwOge56Jn9ook1J5gG2pk,https://api.spotify.com/v1/tracks/5lwOge56Jn9ook1J5gG2pk,https://api.spotify.com/v1/audio-analysis/5lwOge56Jn9ook1J5gG2pk,107000,4
0.291,0.56,6,-6.0,1,0.0549,0.814,0.802,0.135,0.402,167.492,audio_features,43hhgQnmsSMujLyqpJLvmI,spotify:track:43hhgQnmsSMujLyqpJLvmI,https://api.spotify.com/v1/tracks/43hhgQnmsSMujLyqpJLvmI,https://api.spotify.com/v1/audio-analysis/43hhgQnmsSMujLyqpJLvmI,106750,4
0.616,0.39,6,-10.355,1,0.0419,0.756,0.63,0.101,0.376,131.945,audio_features,4qyJf5WfPTj4JxL6vmpsfB,spotify:track:4qyJf5WfPTj4JxL6vmpsfB,https://api.spotify.com/v1/tracks/4qyJf5WfPTj4JxL6vmpsfB,https://api.spotify.com/v1/audio-analysis/4qyJf5WfPTj4JxL6vmpsfB,94000,4
0.383,0.528,11,-6.842,0,0.0357,0.618,0.849,0.0818,0.404,129.095,audio_features,2Igp0nKEJdylHFa0lBH78g,spotify:track:2Igp0nKEJdylHFa0lBH78g,https://api.spotify.com/v1/tracks/2Igp0nKEJdylHFa0lBH78g,https://api.spotify.com/v1/audio-analysis/2Igp0nKEJdylHFa0lBH78g,107091,5
0.516,0.443,7,-8.165,1,0.0374,0.389,0.625,0.37,0.529,119.888,audio_features,5dB5TUQJYuFY2umTekhsS4,spotify:track:5dB5TUQJYuFY2umTekhsS4,https://api.spotify.com/v1/tracks/5dB5TUQJYuFY2umTekhsS4,https://api.spotify.com/v1/audio-analysis/5dB5TUQJYuFY2umTekhsS4,90000,4
0.294,0.556,9,-8.283,0,0.0319,0.388,0.943,0.107,0.652,157.894,audio_features,2VrKOurPkPNS5ajibJ9AFC,spotify:track:2VrKOurPkPNS5ajibJ9AFC,https://api.spotify.com/v1/tracks/2VrKOurPkPNS5ajibJ9AFC,https://api.spotify.com/v1/audio-analysis/2VrKOurPkPNS5ajibJ9AFC,114750,4
0.497,0.432,3,-8.871,1,0.0414,0.696,0.914,0.0864,0.358,77.547,audio_features,0y5eD12Xh1Hm8044PxR4eK,spotify:track:0y5eD12Xh1Hm8044PxR4eK,https://api.spotify.com/v1/tracks/0y5eD12Xh1Hm8044PxR4eK,https://api.spotify.com/v1/audio-analysis/0y5eD12Xh1Hm8044PxR4eK,108000,4
0.356,0.462,0,-8.069,0,0.0534,0.329,0.775,0.133,0.297,148.372,audio_features,74rJF3mIGi4vmx3OtP3xtv,spotify:track:74rJF3mIGi4vmx3OtP3xtv,https://api.spotify.com/v1/tracks/74rJF3mIGi4vmx3OtP3xtv,https://api.spotify.com/v1/audio-analysis/74rJF3mIGi4vmx3OtP3xtv,98000,4
0.388,0.495,5,-8.326,1,0.034,0.682,0.904,0.201,0.309,85.806,audio_features,1Mu6xL1sruPbIKCoOzZVKU,spotify:track:1Mu6xL1sruPbIKCoOzZVKU,https://api.spotify.com/v1/tracks/1Mu6xL1sruPbIKCoOzZVKU,https://api.spotify.com/v1/audio-analysis/1Mu6xL1sruPbIKCoOzZVKU,93750,4
0.461,0.522,5,-7.3,1,0.0365,0.611,0.91,0.281,0.556,133.771,audio_features,6DRpAKCwL0OKJSMfKwCKtm,spotify:track:6DRpAKCwL0OKJSMfKwCKtm,https://api.spotify.com/v1/tracks/6DRpAKCwL0OKJSMfKwCKtm,https://api.spotify.com/v1/audio-analysis/6DRpAKCwL0OKJSMfKwCKtm,104000,4
0.27,0.311,10,-10.235,0,0.0342,0.792,0.928,0.104,0.499,82.218,audio_features,5Daxz5vDzm4OuzsXicbRTe,spotify:track:5Daxz5vDzm4OuzsXicbRTe,https://api.spotify.com/v1/tracks/5Daxz5vDzm4OuzsXicbRTe,https://api.spotify.com/v1/audio-analysis/5Daxz5vDzm4OuzsXicbRTe,92500,4
0.309,0.414,1,-11.783,0,0.0361,0.347,0.937,0.118,0.309,159.402,audio_features,1Kwrq3whtnoVQLXG24HL9q,spotify:track:1Kwrq3whtnoVQLXG24HL9q,https://api.spotify.com/v1/tracks/1Kwrq3whtnoVQLXG24HL9q,https://api.spotify.com/v1/audio-analysis/1Kwrq3whtnoVQLXG24HL9q,111000,4
0.443,0.516,3,-8.686,0,0.0505,0.835,0.885,0.116,0.113,123.691,audio_features,5dMl1VEOhnqOjFFNzJyVfx,spotify:track:5dMl1VEOhnqOjFFNzJyVfx,https://api.spotify.com/v1/tracks/5dMl1VEOhnqOjFFNzJyVfx,https://api.spotify.com/v1/audio-analysis/5dMl1VEOhnqOjFFNzJyVfx,109500,4
0.422,0.545,11,-6.222,0,0.0432,0.623,0.736,0.188,0.648,128.795,audio_features,6EIcaaNgISr83hyq6GPaZ6,spotify:track:6EIcaaNgISr83hyq6GPaZ6,https://api.spotify.com/v1/tracks/6EIcaaNgISr83hyq6GPaZ6,https://api.spotify.com/v1/audio-analysis/6EIcaaNgISr83hyq6GPaZ6,100000,4
0.326,0.453,6,-7.673,0,0.0455,0.765,0.896,0.11,0.0876,92.997,audio_features,41svXocNdFgbS8k7mKyHCU,spotify:track:41svXocNdFgbS8k7mKyHCU,https://api.spotify.com/v1/tracks/41svXocNdFgbS8k7mKyHCU,https://api.spotify.com/v1/audio-analysis/41svXocNdFgbS8k7mKyHCU,91500,4
0.383,0.189,11,-12.369,0,0.0359,0.781,0.907,0.0943,0.0652,135.812,audio_features,4FXRx1UnasZjBqXBH6lexU,spotify:track:4FXRx1UnasZjBqXBH6lexU,https://api.spotify.com/v1/tracks/4FXRx1UnasZjBqXBH6lexU,https://api.spotify.com/v1/audio-analysis/4FXRx1UnasZjBqXBH6lexU,102500,4
0.51,0.433,1,-7.902,0,0.0479,0.513,0.796,0.0757,0.349,122.767,audio_features,3ncW8IiDd1TmyB5blN8B0j,spotify:track:3ncW8IiDd1TmyB5blN8B0j,https://api.spotify.com/v1/tracks/3ncW8IiDd1TmyB5blN8B0j,https://api.spotify.com/v1/audio-analysis/3ncW8IiDd1TmyB5blN8B0j,100000,4
0.487,0.425,8,-9.676,1,0.0329,0.668,0.484,0.123,0.19,93.227,audio_features,4uIycqjqEct2ZQk6lhhKhh,spotify:track:4uIycqjqEct2ZQk6lhhKhh,https://api.spotify.com/v1/tracks/4uIycqjqEct2ZQk6lhhKhh,https://api.spotify.com/v1/audio-analysis/4uIycqjqEct2ZQk6lhhKhh,100000,4
0.345,0.57,2,-7.62,1,0.0571,0.874,0.91,0.14,0.0853,126.579,audio_features,6WKI5fyin5uEVWVKjFhHfQ,spotify:track:6WKI5fyin5uEVWVKjFhHfQ,https://api.spotify.com/v1/tracks/6WKI5fyin5uEVWVKjFhHfQ,https://api.spotify.com/v1/audio-analysis/6WKI5fyin5uEVWVKjFhHfQ,112000,4
0.496,0.333,0,-16.841,0,0.0384,0.916,0.926,0.121,0.171,127.821,audio_features,1Ff28YT1Hd5nB3hMf8Y080,spotify:track:1Ff28YT1Hd5nB3hMf8Y080,https://api.spotify.com/v1/tracks/1Ff28YT1Hd5nB3hMf8Y080,https://api.spotify.com/v1/audio-analysis/1Ff28YT1Hd5nB3hMf8Y080,256522,4
0.422,0.394,3,-16.885,1,0.0349,0.887,0.868,0.0785,0.508,160.047,audio_features,0CnHxRfOjPQUKX3YZetjfi,spotify:track:0CnHxRfOjPQUKX3YZetjfi,https://api.spotify.com/v1/tracks/0CnHxRfOjPQUKX3YZetjfi,https://api.spotify.com/v1/audio-analysis/0CnHxRfOjPQUKX3YZetjfi,256871,4
0.49,0.217,4,-18.953,0,0.0344,0.908,0.798,0.157,0.213,107.738,audio_features,71boov7gqoosPjKEKCiAPa,spotify:track:71boov7gqoosPjKEKCiAPa,https://api.spotify.com/v1/tracks/71boov7gqoosPjKEKCiAPa,https://api.spotify.com/v1/audio-analysis/71boov7gqoosPjKEKCiAPa,263291,3
0.494,0.322,6,-18.854,0,0.0405,0.918,0.92,0.0896,0.168,134.971,audio_features,7ftl9hMjSfedrSSshJn5wI,spotify:track:7ftl9hMjSfedrSSshJn5wI,https://api.spotify.com/v1/tracks/7ftl9hMjSfedrSSshJn5wI,https://api.spotify.com/v1/audio-analysis/7ftl9hMjSfedrSSshJn5wI,295102,4
0.468,0.314,3,-18.269,0,0.0436,0.932,0.897,0.192,0.142,146.039,audio_features,4A1yjPVUSni7zmYKjdgwlx,spotify:track:4A1yjPVUSni7zmYKjdgwlx,https://api.spotify.com/v1/tracks/4A1yjPVUSni7zmYKjdgwlx,https://api.spotify.com/v1/audio-analysis/4A1yjPVUSni7zmYKjdgwlx,325613,4
0.266,0.234,4,-21.759,1,0.0456,0.927,0.867,0.0885,0.0634,147.157,audio_features,1sT069Q6Wnql7QPoinBZgg,spotify:track:1sT069Q6Wnql7QPoinBZgg,https://api.spotify.com/v1/tracks/1sT069Q6Wnql7QPoinBZgg,https://api.spotify.com/v1/audio-analysis/1sT069Q6Wnql7QPoinBZgg,423520,4
0.446,0.427,7,-16.056,1,0.0343,0.858,0.929,0.21,0.509,88.014,audio_features,5Jo9nP4g0EW5Vf19htDM0D,spotify:track:5Jo9nP4g0EW5Vf19htDM0D,https://api.spotify.com/v1/tracks/5Jo9nP4g0EW5Vf19htDM0D,https://api.spotify.com/v1/audio-analysis/5Jo9nP4g0EW5Vf19htDM0D,228368,4
0.47,0.365,6,-17.158,0,0.033,0.879,0.942,0.114,0.223,88.977,audio_features,5jtGVVmDssrcWydDMERiCT,spotify:track:5jtGVVmDssrcWydDMERiCT,https://api.spotify.com/v1/tracks/5jtGVVmDssrcWydDMERiCT,https://api.spotify.com/v1/audio-analysis/5jtGVVmDssrcWydDMERiCT,249556,4
0.455,0.232,9,-18.166,0,0.0397,0.858,0.871,0.0965,0.0999,127.451,audio_features,2kGgZLhIEWVQnY1vIUFxr8,spotify:track:2kGgZLhIEWVQnY1vIUFxr8,https://api.spotify.com/v1/tracks/2kGgZLhIEWVQnY1vIUFxr8,https://api.spotify.com/v1/audio-analysis/2kGgZLhIEWVQnY1vIUFxr8,333764,4
0.527,0.326,3,-19.983,1,0.0446,0.953,0.868,0.0967,0.351,81.492,audio_features,1cqACyvpEzyrla9UDDNA5z,spotify:track:1cqACyvpEzyrla9UDDNA5z,https://api.spotify.com/v1/tracks/1cqACyvpEzyrla9UDDNA5z,https://api.spotify.com/v1/audio-analysis/1cqACyvpEzyrla9UDDNA5z,279580,4
0.276,0.0625,9,-22.156,1,0.0464,0.967,0.894,0.113,0.0671,82.229,audio_features,1v7FOV2uYt9tid8XFoEp0q,spotify:track:1v7FOV2uYt9tid8XFoEp0q,https://api.spotify.com/v1/tracks/1v7FOV2uYt9tid8XFoEp0q,https://api.spotify.com/v1/audio-analysis/1v7FOV2uYt9tid8XFoEp0q,363787,4
0.281,0.31,7,-17.921,0,0.0374,0.923,0.842,0.0697,0.209,98.855,audio_features,3mTnUQBRxH6XMGAjG1CKrq,spotify:track:3mTnUQBRxH6XMGAjG1CKrq,https://api.spotify.com/v1/tracks/3mTnUQBRxH6XMGAjG1CKrq,https://api.spotify.com/v1/audio-analysis/3mTnUQBRxH6XMGAjG1CKrq,360049,4
0.588,0.181,4,-25.724,0,0.05,0.98,0.887,0.236,0.764,99.17,audio_features,3eWRvt0gy7Gq5aO9CoiK9F,spotify:track:3eWRvt0gy7Gq5aO9CoiK9F,https://api.spotify.com/v1/tracks/3eWRvt0gy7Gq5aO9CoiK9F,https://api.spotify.com/v1/audio-analysis/3eWRvt0gy7Gq5aO9CoiK9F,238000,4
0.642,0.181,7,-26.842,1,0.154,0.992,0.919,0.0878,0.769,180.01,audio_features,2jP8rNOpJR2wertoTVvRFj,spotify:track:2jP8rNOpJR2wertoTVvRFj,https://api.spotify.com/v1/tracks/2jP8rNOpJR2wertoTVvRFj,https://api.spotify.com/v1/audio-analysis/2jP8rNOpJR2wertoTVvRFj,273250,4
0.497,0.238,6,-24.567,0,0.042,0.977,0.905,0.117,0.392,182.002,audio_features,31zh5LoX1xeNG01HwfjUqS,spotify:track:31zh5LoX1xeNG01HwfjUqS,https://api.spotify.com/v1/tracks/31zh5LoX1xeNG01HwfjUqS,https://api.spotify.com/v1/audio-analysis/31zh5LoX1xeNG01HwfjUqS,233375,4
0.522,0.0871,5,-21.26,1,0.0648,0.993,0.88,0.108,0.475,180.268,audio_features,0I1aGSd5V2H8fLm76ATr5p,spotify:track:0I1aGSd5V2H8fLm76ATr5p,https://api.spotify.com/v1/tracks/0I1aGSd5V2H8fLm76ATr5p,https://api.spotify.com/v1/audio-analysis/0I1aGSd5V2H8fLm76ATr5p,158750,4
0.453,0.00731,7,-31.766,1,0.0524,0.995,0.937,0.0958,0.65,204.09,audio_features,2lcrBm5uYM3S9qMxCtONPz,spotify:track:2lcrBm5uYM3S9qMxCtONPz,https://api.spotify.com/v1/tracks/2lcrBm5uYM3S9qMxCtONPz,https://api.spotify.com/v1/audio-analysis/2lcrBm5uYM3S9qMxCtONPz,157000,4
0.399,0.1,9,-25.992,0,0.0552,0.987,0.879,0.0746,0.401,143.035,audio_features,1Exvz9yuHXEFPaIkkMbNYA,spotify:track:1Exvz9yuHXEFPaIkkMbNYA,https://api.spotify.com/v1/tracks/1Exvz9yuHXEFPaIkkMbNYA,https://api.spotify.com/v1/audio-analysis/1Exvz9yuHXEFPaIkkMbNYA,267997,3
0.402,0.0558,0,-24.695,1,0.054,0.975,0.856,0.128,0.508,130.034,audio_features,6G3sTXb143Reuhs6OvzlJX,spotify:track:6G3sTXb143Reuhs6OvzlJX,https://api.spotify.com/v1/tracks/6G3sTXb143Reuhs6OvzlJX,https://api.spotify.com/v1/audio-analysis/6G3sTXb143Reuhs6OvzlJX,254250,4
0.361,0.0889,8,-26.493,1,0.0742,0.991,0.923,0.177,0.519,76.585,audio_features,7rTADzBCVK22l5TFtlHoTO,spotify:track:7rTADzBCVK22l5TFtlHoTO,https://api.spotify.com/v1/tracks/7rTADzBCVK22l5TFtlHoTO,https://api.spotify.com/v1/audio-analysis/7rTADzBCVK22l5TFtlHoTO,186500,4
0.469,0.274,11,-25.215,1,0.0462,0.982,0.907,0.118,0.583,160.065,audio_features,2ubnvN8UAZ0CH41AIsfWdx,spotify:track:2ubnvN8UAZ0CH41AIsfWdx,https://api.spotify.com/v1/tracks/2ubnvN8UAZ0CH41AIsfWdx,https://api.spotify.com/v1/audio-analysis/2ubnvN8UAZ0CH41AIsfWdx,215500,4
0.678,0.0521,5,-26.289,1,0.115,0.992,0.926,0.0892,0.703,123.889,audio_features,7ikoSOAy9RLAB1CAzLsk3v,spotify:track:7ikoSOAy9RLAB1CAzLsk3v,https://api.spotify.com/v1/tracks/7ikoSOAy9RLAB1CAzLsk3v,https://api.spotify.com/v1/audio-analysis/7ikoSOAy9RLAB1CAzLsk3v,193000,4
0.713,0.129,6,-24.488,1,0.0587,0.987,0.882,0.0897,0.347,139.999,audio_features,3T95692Ren9FNte6M2PpCJ,spotify:track:3T95692Ren9FNte6M2PpCJ,https://api.spotify.com/v1/tracks/3T95692Ren9FNte6M2PpCJ,https://api.spotify.com/v1/audio-analysis/3T95692Ren9FNte6M2PpCJ,221500,4
0.419,0.33,0,-19.223,1,0.0333,0.853,0.827,0.122,0.357,88.03,audio_features,42MsP5ZSn7GotQjmoS2tIM,spotify:track:42MsP5ZSn7GotQjmoS2tIM,https://api.spotify.com/v1/tracks/42MsP5ZSn7GotQjmoS2tIM,https://api.spotify.com/v1/audio-analysis/42MsP5ZSn7GotQjmoS2tIM,247002,4
0.599,0.351,2,-19.122,1,0.0403,0.919,0.923,0.257,0.78,123.051,audio_features,1j4T00esvLvAmDp4irkMAa,spotify:track:1j4T00esvLvAmDp4irkMAa,https://api.spotify.com/v1/tracks/1j4T00esvLvAmDp4irkMAa,https://api.spotify.com/v1/audio-analysis/1j4T00esvLvAmDp4irkMAa,228937,4
0.498,0.278,1,-19.817,0,0.0409,0.916,0.885,0.11,0.317,82.983,audio_features,2KOkyFe10XEcmZu0QXI0ZQ,spotify:track:2KOkyFe10XEcmZu0QXI0ZQ,https://api.spotify.com/v1/tracks/2KOkyFe10XEcmZu0QXI0ZQ,https://api.spotify.com/v1/audio-analysis/2KOkyFe10XEcmZu0QXI0ZQ,292920,4
0.496,0.299,6,-19.545,0,0.0358,0.93,0.844,0.092,0.224,140.023,audio_features,4D5unlfIeFVC600sqH7HbP,spotify:track:4D5unlfIeFVC600sqH7HbP,https://api.spotify.com/v1/tracks/4D5unlfIeFVC600sqH7HbP,https://api.spotify.com/v1/audio-analysis/4D5unlfIeFVC600sqH7HbP,277362,4
0.489,0.231,8,-19.814,0,0.0404,0.936,0.878,0.103,0.111,75.99,audio_features,6eC6c0KtRrTT5Z77zjebnP,spotify:track:6eC6c0KtRrTT5Z77zjebnP,https://api.spotify.com/v1/tracks/6eC6c0KtRrTT5Z77zjebnP,https://api.spotify.com/v1/audio-analysis/6eC6c0KtRrTT5Z77zjebnP,282355,4
0.491,0.301,5,-19.671,1,0.0417,0.914,0.914,0.0937,0.29,150.008,audio_features,1Xp79j5v2O1ZWJ55qQBOKP,spotify:track:1Xp79j5v2O1ZWJ55qQBOKP,https://api.spotify.com/v1/tracks/1Xp79j5v2O1ZWJ55qQBOKP,https://api.spotify.com/v1/audio-analysis/1Xp79j5v2O1ZWJ55qQBOKP,330931,4
0.437,0.405,2,-19.401,1,0.0353,0.893,0.931,0.0806,0.652,154.807,audio_features,4EsoUGFDpdxDiV4GGaAVRt,spotify:track:4EsoUGFDpdxDiV4GGaAVRt,https://api.spotify.com/v1/tracks/4EsoUGFDpdxDiV4GGaAVRt,https://api.spotify.com/v1/audio-analysis/4EsoUGFDpdxDiV4GGaAVRt,223608,4
0.234,0.319,2,-19.177,0,0.0316,0.857,0.951,0.127,0.461,82.436,audio_features,3y4mBHdSJucGAroDHnq6aY,spotify:track:3y4mBHdSJucGAroDHnq6aY,https://api.spotify.com/v1/tracks/3y4mBHdSJucGAroDHnq6aY,https://api.spotify.com/v1/audio-analysis/3y4mBHdSJucGAroDHnq6aY,179014,4
0.295,0.4,5,-17.836,0,0.0341,0.907,0.918,0.11,0.53,77.039,audio_features,0YwJZ7CwMr7kjqkM4vK24Y,spotify:track:0YwJZ7CwMr7kjqkM4vK24Y,https://api.spotify.com/v1/tracks/0YwJZ7CwMr7kjqkM4vK24Y,https://api.spotify.com/v1/audio-analysis/0YwJZ7CwMr7kjqkM4vK24Y,171642,4
0.601,0.208,11,-20.231,0,0.045,0.972,0.857,0.0991,0.159,81.995,audio_features,43UPeiOv1IvuHFMlDsYoQk,spotify:track:43UPeiOv1IvuHFMlDsYoQk,https://api.spotify.com/v1/tracks/43UPeiOv1IvuHFMlDsYoQk,https://api.spotify.com/v1/audio-analysis/43UPeiOv1IvuHFMlDsYoQk,205288,4
0.477,0.224,2,-22.711,1,0.0371,0.965,0.884,0.112,0.266,129.923,audio_features,3sKDpfz7TO1GWoMoMssz5U,spotify:track:3sKDpfz7TO1GWoMoMssz5U,https://api.spotify.com/v1/tracks/3sKDpfz7TO1GWoMoMssz5U,https://api.spotify.com/v1/audio-analysis/3sKDpfz7TO1GWoMoMssz5U,249150,4
0.132,0.179,11,-20.752,1,0.0407,0.966,0.865,0.131,0.0459,186.147,audio_features,0KMXI2OIpXIGy3KQoxXMOd,spotify:track:0KMXI2OIpXIGy3KQoxXMOd,https://api.spotify.com/v1/tracks/0KMXI2OIpXIGy3KQoxXMOd,https://api.spotify.com/v1/audio-analysis/0KMXI2OIpXIGy3KQoxXMOd,526512,3
0.407,0.456,1,-16.66,0,0.039,0.811,0.799,0.118,0.292,93.0,audio_features,0Vhe0oWnwCd058nLwLVGRb,spotify:track:0Vhe0oWnwCd058nLwLVGRb,https://api.spotify.com/v1/tracks/0Vhe0oWnwCd058nLwLVGRb,https://api.spotify.com/v1/audio-analysis/0Vhe0oWnwCd058nLwLVGRb,236373,4
0.375,0.276,11,-20.655,1,0.0364,0.967,0.864,0.112,0.379,94.996,audio_features,5XMxaxMx8aZxKf8NApzTsr,spotify:track:5XMxaxMx8aZxKf8NApzTsr,https://api.spotify.com/v1/tracks/5XMxaxMx8aZxKf8NApzTsr,https://api.spotify.com/v1/audio-analysis/5XMxaxMx8aZxKf8NApzTsr,276782,4
0.58,0.258,5,-15.901,0,0.0743,0.939,0.888,0.0999,0.136,101.044,audio_features,6HNOUWHZJBPGr8oKSIMtVQ,spotify:track:6HNOUWHZJBPGr8oKSIMtVQ,https://api.spotify.com/v1/tracks/6HNOUWHZJBPGr8oKSIMtVQ,https://api.spotify.com/v1/audio-analysis/6HNOUWHZJBPGr8oKSIMtVQ,210629,3
0.681,0.178,0,-18.013,0,0.0657,0.841,0.725,0.0619,0.115,120.092,audio_features,58KfM4zYViyo3JU309Bvhr,spotify:track:58KfM4zYViyo3JU309Bvhr,https://api.spotify.com/v1/tracks/58KfM4zYViyo3JU309Bvhr,https://api.spotify.com/v1/audio-analysis/58KfM4zYViyo3JU309Bvhr,359874,4
0.435,0.417,0,-16.671,0,0.0359,0.81,0.863,0.162,0.203,94.932,audio_features,6vPLEg7iiEH5VwFBcgOx88,spotify:track:6vPLEg7iiEH5VwFBcgOx88,https://api.spotify.com/v1/tracks/6vPLEg7iiEH5VwFBcgOx88,https://api.spotify.com/v1/audio-analysis/6vPLEg7iiEH5VwFBcgOx88,107710,4
0.437,0.363,0,-17.118,0,0.0352,0.817,0.856,0.103,0.315,84.961,audio_features,5nq12jOsZP6JoIRyhPPLxD,spotify:track:5nq12jOsZP6JoIRyhPPLxD,https://api.spotify.com/v1/tracks/5nq12jOsZP6JoIRyhPPLxD,https://api.spotify.com/v1/audio-analysis/5nq12jOsZP6JoIRyhPPLxD,249124,4
0.593,0.239,8,-17.311,1,0.0435,0.951,0.801,0.104,0.17,140.01,audio_features,6j90VbBhv4sA94856bQK5t,spotify:track:6j90VbBhv4sA94856bQK5t,https://api.spotify.com/v1/tracks/6j90VbBhv4sA94856bQK5t,https://api.spotify.com/v1/audio-analysis/6j90VbBhv4sA94856bQK5t,98217,4
0.4,0.48,2,-16.829,0,0.0319,0.926,0.833,0.194,0.367,94.066,audio_features,4oCgIrBFaqlE87BYvsdUQU,spotify:track:4oCgIrBFaqlE87BYvsdUQU,https://api.spotify.com/v1/tracks/4oCgIrBFaqlE87BYvsdUQU,https://api.spotify.com/v1/audio-analysis/4oCgIrBFaqlE87BYvsdUQU,101102,4
0.415,0.337,0,-16.753,0,0.0357,0.873,0.883,0.101,0.263,92.015,audio_features,1qAA4H3OoXhqvM6oMZTQOn,spotify:track:1qAA4H3OoXhqvM6oMZTQOn,https://api.spotify.com/v1/tracks/1qAA4H3OoXhqvM6oMZTQOn,https://api.spotify.com/v1/audio-analysis/1qAA4H3OoXhqvM6oMZTQOn,90147,4
0.43,0.321,7,-17.836,0,0.0336,0.922,0.762,0.122,0.286,90.023,audio_features,27V0nvBoFZr5ETSXzNCIpK,spotify:track:27V0nvBoFZr5ETSXzNCIpK,https://api.spotify.com/v1/tracks/27V0nvBoFZr5ETSXzNCIpK,https://api.spotify.com/v1/audio-analysis/27V0nvBoFZr5ETSXzNCIpK,91524,4
0.582,0.339,7,-15.785,1,0.0551,0.96,0.812,0.106,0.169,79.985,audio_features,0bxtqTP1Y0rrMUWErTukrd,spotify:track:0bxtqTP1Y0rrMUWErTukrd,https://api.spotify.com/v1/tracks/0bxtqTP1Y0rrMUWErTukrd,https://api.spotify.com/v1/audio-analysis/0bxtqTP1Y0rrMUWErTukrd,101494,4
0.627,0.274,2,-18.655,0,0.0526,0.937,0.871,0.106,0.402,74.997,audio_features,0j7WwsCKwTTlI5lH6le3gm,spotify:track:0j7WwsCKwTTlI5lH6le3gm,https://api.spotify.com/v1/tracks/0j7WwsCKwTTlI5lH6le3gm,https://api.spotify.com/v1/audio-analysis/0j7WwsCKwTTlI5lH6le3gm,293423,4
0.515,0.397,9,-17.963,0,0.041,0.871,0.925,0.0925,0.291,80.012,audio_features,0TVjEwpjhr8aBh1ajDuCis,spotify:track:0TVjEwpjhr8aBh1ajDuCis,https://api.spotify.com/v1/tracks/0TVjEwpjhr8aBh1ajDuCis,https://api.spotify.com/v1/audio-analysis/0TVjEwpjhr8aBh1ajDuCis,214919,4
0.499,0.234,5,-19.336,1,0.0394,0.967,0.88,0.0801,0.0504,82.414,audio_features,4q9NGztD9EaB5vfm5QAgGB,spotify:track:4q9NGztD9EaB5vfm5QAgGB,https://api.spotify.com/v1/tracks/4q9NGztD9EaB5vfm5QAgGB,https://api.spotify.com/v1/audio-analysis/4q9NGztD9EaB5vfm5QAgGB,262979,3
0.57,0.272,9,-17.298,0,0.0381,0.942,0.843,0.124,0.111,92.928,audio_features,1EfgJmFRwpDlkDsW5cgt9i,spotify:track:1EfgJmFRwpDlkDsW5cgt9i,https://api.spotify.com/v1/tracks/1EfgJmFRwpDlkDsW5cgt9i,https://api.spotify.com/v1/audio-analysis/1EfgJmFRwpDlkDsW5cgt9i,184004,4
0.156,0.409,1,-17.213,0,0.0411,0.897,0.769,0.11,0.189,71.285,audio_features,3bmskUsZLeCmUNpC128Ogt,spotify:track:3bmskUsZLeCmUNpC128Ogt,https://api.spotify.com/v1/tracks/3bmskUsZLeCmUNpC128Ogt,https://api.spotify.com/v1/audio-analysis/3bmskUsZLeCmUNpC128Ogt,335313,4
0.625,0.379,0,-15.354,1,0.0479,0.919,0.889,0.0773,0.505,78.99,audio_features,2rRQAFeTswF2CERbtFebRa,spotify:track:2rRQAFeTswF2CERbtFebRa,https://api.spotify.com/v1/tracks/2rRQAFeTswF2CERbtFebRa,https://api.spotify.com/v1/audio-analysis/2rRQAFeTswF2CERbtFebRa,194323,4
0.447,0.164,3,-17.715,1,0.0931,0.952,0.861,0.106,0.11,129.678,audio_features,2KolecLLhJcbqCKSK8ye5q,spotify:track:2KolecLLhJcbqCKSK8ye5q,https://api.spotify.com/v1/tracks/2KolecLLhJcbqCKSK8ye5q,https://api.spotify.com/v1/audio-analysis/2KolecLLhJcbqCKSK8ye5q,189668,4
0.395,0.0487,0,-22.063,1,0.0436,0.991,0.894,0.0856,0.0775,65.147,audio_features,4TCSt7pkkeIAEz09A7i7qW,spotify:track:4TCSt7pkkeIAEz09A7i7qW,https://api.spotify.com/v1/tracks/4TCSt7pkkeIAEz09A7i7qW,https://api.spotify.com/v1/audio-analysis/4TCSt7pkkeIAEz09A7i7qW,213192,5
0.345,0.57,2,-7.62,1,0.0571,0.874,0.91,0.14,0.0853,126.579,audio_features,6WKI5fyin5uEVWVKjFhHfQ,spotify:track:6WKI5fyin5uEVWVKjFhHfQ,https://api.spotify.com/v1/tracks/6WKI5fyin5uEVWVKjFhHfQ,https://api.spotify.com/v1/audio-analysis/6WKI5fyin5uEVWVKjFhHfQ,112000,4
